{
    "C_1": "Plain Peel Banana",
    "C_2": "Speckle Banana",
    "C_3": "Curlystem Banana",
    "C_4": "Flatface Banana",
    "C_5": "Greenedge Banana",
    "C_6": "Stubby Banana",
    "C_7": "Talltip Banana",
    "C_8": "Zigzag Peel Banana",
    "C_9": "Spotted Banana",
    "C_10": "Striped Banana",
    "C_11": "Fluffy Peel Banana",
    "C_12": "Tangle Banana",
    "C_13": "Bulgy Banana",
    "C_14": "Flatend Banana",
    "C_15": "Hooktail Banana",
    "C_16": "Glossy Banana",
    "C_17": "Splittip Banana",
    "C_18": "Puffstem Banana",
    "C_19": "Drycrack Banana",
    "C_20": "Dusty Banana",
    "R_1": "Bluelight Banana",
    "R_2": "Silverglow Banana",
    "R_3": "Crystal Banana",
    "R_4": "Leafwrap Banana",
    "R_5": "Gemspike Banana",
    "R_6": "Icy Banana",
    "R_7": "Molten Banana",
    "R_8": "Marbled Banana",
    "R_9": "Flamecurl Banana",
    "R_10": "Chalk Banana",
    "R_11": "Bubble Banana",
    "R_12": "Feather Banana",
    "R_13": "Inkblot Banana",
    "R_14": "Vinewilt Banana",
    "R_15": "Thornskin Banana",
    "E_1": "Eclipsed Banana",
    "E_2": "Stormrune Banana",
    "E_3": "Liquidcore Banana",
    "E_4": "Astral Banana",
    "E_5": "Hologram Banana",
    "E_6": "Nebula Banana",
    "E_7": "Clockwork Banana",
    "E_8": "Runicroot Banana",
    "E_9": "Blight Banana",
    "E_10": "Mirage Banana",
    "L_1": "Banana of Infinity Peel",
    "L_2": "Solarflare Banana",
    "L_3": "Heart of the Grove Banana",
    "L_4": "Voidcore Banana",
    "L_5": "Titan Banana"
}