[
  {
    "nickname": "E_10",
    "status": {
      "count": 1,
      "rarity": "epic"
    }
  },
  {
    "nickname": "C_3",
    "status": {
      "count": 1,
      "rarity": "common"
    }
  },
  {
    "nickname": "R_5",
    "status": {
      "count": 1,
      "rarity": "rare"
    }
  },
  {
    "nickname": "R_8",
    "status": {
      "count": 1,
      "rarity": "rare"
    }
  },
  {
    "nickname": "E_9",
    "status": {
      "count": 1,
      "rarity": "epic"
    }
  },
  {
    "nickname": "E_8",
    "status": {
      "count": 1,
      "rarity": "epic"
    }
  },
  {
    "nickname": "L_2",
    "status": {
      "count": 2,
      "rarity": "legendary"
    }
  },
  {
    "nickname": "C_5",
    "status": {
      "count": 1,
      "rarity": "common"
    }
  },
  {
    "nickname": "R_15",
    "status": {
      "count": 1,
      "rarity": "rare"
    }
  },
  {
    "nickname": "R_9",
    "status": {
      "count": 1,
      "rarity": "rare"
    }
  }
]